source_id,original_filename,relative_path,file_type,file_size_bytes,last_modified,checksum_sha256,status
codex_src_000004,2020-colombia-digital-strategy - Copy.pdf,2020-colombia-digital-strategy - Copy.pdf,pdf,414672,2026-01-04T14:23:16,17bccfd49e791e63bc14900351744e026e2b03b2ff8b1434db16514f423fd0d1,inventory_complete
codex_src_000005,2020-colombia-digital-strategy.pdf,2020-colombia-digital-strategy.pdf,pdf,414672,2026-01-04T14:23:16,17bccfd49e791e63bc14900351744e026e2b03b2ff8b1434db16514f423fd0d1,inventory_complete
codex_src_000007,2025-Wharton-GBK-AI-Adoption-Report_Full-Report (1).pdf,2025-Wharton-GBK-AI-Adoption-Report_Full-Report (1).pdf,pdf,4397202,2026-06-18T09:25:05,edba7fbcc8469cd11ea495ae2a56924fe8893f59d741cd4beaa23dc2b8935ca7,inventory_complete
codex_src_000008,2025-Wharton-GBK-AI-Adoption-Report_Full-Report.pdf,2025-Wharton-GBK-AI-Adoption-Report_Full-Report.pdf,pdf,4397202,2026-06-18T09:18:04,edba7fbcc8469cd11ea495ae2a56924fe8893f59d741cd4beaa23dc2b8935ca7,inventory_complete
codex_src_000030,Africa - AI continental strategy - Copy.pdf,Africa - AI continental strategy - Copy.pdf,pdf,2572777,2026-01-04T15:39:15,c5429f73786c0a0c170a78278016339ab86f914b239290ba1d6623cc07734e3f,inventory_complete
codex_src_000031,Africa - AI continental strategy.pdf,Africa - AI continental strategy.pdf,pdf,2572777,2026-01-04T15:39:15,c5429f73786c0a0c170a78278016339ab86f914b239290ba1d6623cc07734e3f,inventory_complete
codex_src_000032,Africa and Digitization - Copy.pdf,Africa and Digitization - Copy.pdf,pdf,787192,2026-01-04T12:49:27,9e1faf0c44d2eee33d7419c9131f71d78cdada2cdd20e7f9d5aabd08458461c1,inventory_complete
codex_src_000033,Africa and Digitization.pdf,Africa and Digitization.pdf,pdf,787192,2026-01-04T12:49:27,9e1faf0c44d2eee33d7419c9131f71d78cdada2cdd20e7f9d5aabd08458461c1,inventory_complete
codex_src_000061,Bangladesh - AI_and_The_Digital_Transformation_of_Bangladesh - Copy.pdf,Bangladesh - AI_and_The_Digital_Transformation_of_Bangladesh - Copy.pdf,pdf,321548,2026-01-04T16:04:09,59d435aee041c5504d3072f6f445d1aeb1b348eb033fa0d69b3f6162e8838cd8,inventory_complete
codex_src_000062,Bangladesh - AI_and_The_Digital_Transformation_of_Bangladesh.pdf,Bangladesh - AI_and_The_Digital_Transformation_of_Bangladesh.pdf,pdf,321548,2026-01-04T16:04:09,59d435aee041c5504d3072f6f445d1aeb1b348eb033fa0d69b3f6162e8838cd8,inventory_complete
codex_src_000095,Change Leaders - Creating resiliance in uncertain times.pdf,Change Leaders - Creating resiliance in uncertain times.pdf,pdf,108177,2026-06-15T08:30:33,3b3627117f788045f10e9250466be783db3e2d85bdd870ab71461b5e48939732,inventory_complete
codex_src_000144,EBSCO-FullText-06_15_2026.pdf,EBSCO-FullText-06_15_2026.pdf,pdf,108177,2026-06-15T08:29:48,3b3627117f788045f10e9250466be783db3e2d85bdd870ab71461b5e48939732,inventory_complete
codex_src_000103,Composable - Building-composable-enterprise-ebook.pdf,Composable - Building-composable-enterprise-ebook.pdf,pdf,298437,2026-01-16T14:02:37,7c8fb3d32212c033c62cdf726851800e9df563c6a80bb636fe1def3f511732e8,inventory_complete
codex_src_000704,Composable - Building-composable-enterprise-ebook.pdf,Kinetic_Economy_book_Research_OS\source_messy\Drafts\Composable - Building-composable-enterprise-ebook.pdf,pdf,298437,2026-01-16T14:02:37,7c8fb3d32212c033c62cdf726851800e9df563c6a80bb636fe1def3f511732e8,inventory_complete
codex_src_000116,Deloitte - DI_Tech-trends-2026 (1).pdf,Deloitte - DI_Tech-trends-2026 (1).pdf,pdf,2445820,2026-01-16T13:19:19,c7bf815eebe121b3bf3967649c13e578d562b6fae7162bb6de9f7b6c3095b450,inventory_complete
codex_src_000117,Deloitte - DI_Tech-trends-2026.pdf,Deloitte - DI_Tech-trends-2026.pdf,pdf,2445820,2026-06-11T15:01:42,c7bf815eebe121b3bf3967649c13e578d562b6fae7162bb6de9f7b6c3095b450,inventory_complete
codex_src_000123,DI_Tech-trends-2026.pdf,DI_Tech-trends-2026.pdf,pdf,2391633,2025-12-28T10:32:56,238262956e6f8f5b1baf59b3056ab3ddf469fee3e76ce3304e0f7e05ce1e1802,inventory_complete
codex_src_000530,KINETIC_323_Adaptability-Practioner - Deloitte 2026 Tech Trends.pdf,KINETIC_323_Adaptability-Practioner - Deloitte 2026 Tech Trends.pdf,pdf,2391633,2025-12-17T14:27:42,238262956e6f8f5b1baf59b3056ab3ddf469fee3e76ce3304e0f7e05ce1e1802,inventory_complete
codex_src_000138,"Dynamic Capabilities - Teece, Pisano and Shuen (1997).pdf","Dynamic Capabilities - Teece, Pisano and Shuen (1997).pdf",pdf,887185,2026-06-22T11:24:42,9b09778769ee88bf87bdd0000cecbc21c69cfa7275ce6561bf961d2b2afde4ba,inventory_complete
codex_src_000139,"Dynamic Capabilities and Strategic Management - Teece, Pisano and Shuen (1997).pdf","Dynamic Capabilities and Strategic Management - Teece, Pisano and Shuen (1997).pdf",pdf,887185,2026-06-15T08:25:43,9b09778769ee88bf87bdd0000cecbc21c69cfa7275ce6561bf961d2b2afde4ba,inventory_complete
codex_src_000170,Global - IMF - Global Impact of AI.pdf,Global - IMF - Global Impact of AI.pdf,pdf,837481,2026-01-04T15:18:05,167f0662a61f25efdbe67ad7d8b8d8b57e72ee528c9b5969835603c9fbf33f41,inventory_complete
codex_src_000204,IMF - Global AI preparedness 2025.pdf,IMF - Global AI preparedness 2025.pdf,pdf,837481,2026-06-11T15:42:05,167f0662a61f25efdbe67ad7d8b8d8b57e72ee528c9b5969835603c9fbf33f41,inventory_complete
codex_src_000213,Kinetetic - Part_I_Kinetic_Economy_Thesis.docx,Kinetetic - Part_I_Kinetic_Economy_Thesis.docx,docx,29188,2025-11-22T13:39:05,7524b7e7d04163ee034b5686b4922cc78c6dec588178ba362ae67d097405dd1a,inventory_complete
codex_src_000707,Kinetetic - Part_I_Kinetic_Economy_Thesis.docx,Kinetic_Economy_book_Research_OS\source_messy\Drafts\Kinetetic - Part_I_Kinetic_Economy_Thesis.docx,docx,29188,2025-11-22T13:39:05,7524b7e7d04163ee034b5686b4922cc78c6dec588178ba362ae67d097405dd1a,inventory_complete
codex_src_000252,KINETIC_036_Agile - Academic - Transitioning to Agile Organizational Structures.pdf,KINETIC_036_Agile - Academic - Transitioning to Agile Organizational Structures.pdf,pdf,2060522,2025-12-05T12:44:23,de19d4ff7ea04cb26671af9a73f3344b716a17d92769ce477bbd2c02e04e3706,inventory_complete
codex_src_001237,Transitioning_to_Agile_Organizational_Structures_A.pdf,Transitioning_to_Agile_Organizational_Structures_A.pdf,pdf,2060522,2026-06-12T07:46:11,de19d4ff7ea04cb26671af9a73f3344b716a17d92769ce477bbd2c02e04e3706,inventory_complete
codex_src_000263,KINETIC_047_Agile Marketing - Case Study.pdf,KINETIC_047_Agile Marketing - Case Study.pdf,pdf,1017507,2025-10-01T09:37:37,353a0cf0f4a12b7491f81f0a2640f053c10e0a9170cda2b12919b968ddf76bdc,inventory_complete
codex_src_000534,KINETIC_327_AGILE MARKETING - ACADEMIC-Leading digital transformation through an Agile Marketing.pdf,KINETIC_327_AGILE MARKETING - ACADEMIC-Leading digital transformation through an Agile Marketing.pdf,pdf,1017507,2025-12-18T08:18:39,353a0cf0f4a12b7491f81f0a2640f053c10e0a9170cda2b12919b968ddf76bdc,inventory_complete
codex_src_000272,KINETIC_056_Agility - Practioner - McKinsey - the-impact-of-agility-how-to-shape-your-organization-to-compete-v4.pdf,KINETIC_056_Agility - Practioner - McKinsey - the-impact-of-agility-how-to-shape-your-organization-to-compete-v4.pdf,pdf,1045611,2025-12-07T15:41:47,29484f287fe08a090f784273aab8b179a9e19317cad585e997e4e5482f9d5959,inventory_complete
codex_src_000468,KINETIC_251_the-impact-of-agility-how-to-shape-your-organization-to-compete-v4.pdf,KINETIC_251_the-impact-of-agility-how-to-shape-your-organization-to-compete-v4.pdf,pdf,1045611,2025-04-28T08:28:16,29484f287fe08a090f784273aab8b179a9e19317cad585e997e4e5482f9d5959,inventory_complete
codex_src_000285,KINETIC_069_AI - Academic - Which economic tasks are performed by AI.pdf,KINETIC_069_AI - Academic - Which economic tasks are performed by AI.pdf,pdf,5848514,2025-10-17T10:06:38,8482c11bf8d025f14bb07f4960bbb8cf92ecae7887015ec95588dae7773c2b1e,inventory_complete
codex_src_000317,KINETIC_101_AI -.pdf,KINETIC_101_AI -.pdf,pdf,5848514,2025-10-17T10:05:53,8482c11bf8d025f14bb07f4960bbb8cf92ecae7887015ec95588dae7773c2b1e,inventory_complete
codex_src_000303,KINETIC_087_AI - Industrial task efficiency.pdf,KINETIC_087_AI - Industrial task efficiency.pdf,pdf,2798259,2025-10-01T09:49:51,39fc67528245e584869b2624741d1a935264315163af7cc94d8a842995ee18ee,inventory_complete
codex_src_000547,KINETIC_341_AI - ACADEMIC - Can a troubleshooting AI assistant improve task performance in industrial contexts,KINETIC_341_AI - ACADEMIC - Can a troubleshooting AI assistant improve task performance in industrial contexts,,2798259,2025-12-18T09:38:37,39fc67528245e584869b2624741d1a935264315163af7cc94d8a842995ee18ee,inventory_complete
codex_src_000305,KINETIC_089_Ai - MckInsey - HBR 2.pdf,KINETIC_089_Ai - MckInsey - HBR 2.pdf,pdf,753908,2025-11-19T15:55:38,9d2a1968f69e31145cef1aa406b6976cfa43dcc5afdfc0258a33c0d3033756e4,inventory_complete
codex_src_000306,KINETIC_090_AI - McKinsey - HBR Article.pdf,KINETIC_090_AI - McKinsey - HBR Article.pdf,pdf,753908,2025-11-19T13:35:21,9d2a1968f69e31145cef1aa406b6976cfa43dcc5afdfc0258a33c0d3033756e4,inventory_complete
codex_src_000307,KINETIC_091_AI - Practioner - Daiku Use Cases.pdf,KINETIC_091_AI - Practioner - Daiku Use Cases.pdf,pdf,7018484,2025-10-27T10:26:08,d4c75517203a42f3ba34929d2440f8e60cfde18eccccee62cccef40c5143be2a,inventory_complete
codex_src_000311,KINETIC_095_AI - Practioner - Use Cases.pdf,KINETIC_095_AI - Practioner - Use Cases.pdf,pdf,7018484,2025-10-26T09:27:41,d4c75517203a42f3ba34929d2440f8e60cfde18eccccee62cccef40c5143be2a,inventory_complete
codex_src_000310,KINETIC_094_AI - Practioner - superagency-in-the-workplace-empowering-people-to-unlock-ais-full-potential-v4.pdf,KINETIC_094_AI - Practioner - superagency-in-the-workplace-empowering-people-to-unlock-ais-full-potential-v4.pdf,pdf,5261930,2025-10-23T19:26:14,f86c2c07f898c56a21e68a55e1b175575a5ad4378fdc5c9602161d9299b60a80,inventory_complete
codex_src_001162,superagency-in-the-workplace-empowering-people-to-unlock-ais-full-potential-v4.pdf,superagency-in-the-workplace-empowering-people-to-unlock-ais-full-potential-v4.pdf,pdf,5261930,2026-06-18T09:16:30,f86c2c07f898c56a21e68a55e1b175575a5ad4378fdc5c9602161d9299b60a80,inventory_complete
codex_src_000324,"KINETIC_108_AI and Blockchain - Artificial Intelligence, Blockchain Technology, and Risk-Taking Behavior in the 4.0IR Metaverse Era  Evidence from Bangladesh-Base - Copy.pdf","KINETIC_108_AI and Blockchain - Artificial Intelligence, Blockchain Technology, and Risk-Taking Behavior in the 4.0IR Metaverse Era  Evidence from Bangladesh-Base - Copy.pdf",pdf,719384,2025-10-24T12:42:49,9e610a6216b7274565a661590e122e98d66fa4702c95c093e5dd8478f2c45b01,inventory_complete
codex_src_000325,"KINETIC_108_AI and Blockchain - Artificial Intelligence, Blockchain Technology, and Risk-Taking Behavior in the 4.0IR Metaverse Era  Evidence from Bangladesh-Based SMEs.pdf","KINETIC_108_AI and Blockchain - Artificial Intelligence, Blockchain Technology, and Risk-Taking Behavior in the 4.0IR Metaverse Era  Evidence from Bangladesh-Based SMEs.pdf",pdf,719384,2025-10-24T12:42:49,9e610a6216b7274565a661590e122e98d66fa4702c95c093e5dd8478f2c45b01,inventory_complete
codex_src_000376,KINETIC_159_Deloitte - AI Agents.pdf,KINETIC_159_Deloitte - AI Agents.pdf,pdf,6493198,2025-05-22T15:03:47,c0107919fb05155e80d2c89cc5df48b89be2b212eeb0914d86f034f5165cfd03,inventory_complete
codex_src_000379,KINETIC_162_Deloitte - gen-ai-multi-agents-pov-2.pdf,KINETIC_162_Deloitte - gen-ai-multi-agents-pov-2.pdf,pdf,6493198,2025-09-11T14:20:21,c0107919fb05155e80d2c89cc5df48b89be2b212eeb0914d86f034f5165cfd03,inventory_complete
codex_src_000399,KINETIC_182_Germany - blockchain-strategy.pdf,KINETIC_182_Germany - blockchain-strategy.pdf,pdf,460265,2025-10-03T16:17:46,7b7059be17b1ae06950290abe8e528eb6ccf2c54f2088b93ffb188ffc543b3c8,inventory_complete
codex_src_000400,KINETIC_183_Germany - national blockchain-strategy.pdf,KINETIC_183_Germany - national blockchain-strategy.pdf,pdf,460265,2025-09-05T08:37:51,7b7059be17b1ae06950290abe8e528eb6ccf2c54f2088b93ffb188ffc543b3c8,inventory_complete
codex_src_000402,KINETIC_185_google_cloud_state_of_ai_infra_report (1).pdf,KINETIC_185_google_cloud_state_of_ai_infra_report (1).pdf,pdf,49561518,2025-10-09T10:15:53,b2317e6b05fbf6f34651928473ad9d8364d5967faad4afae36c7a000939afcd3,inventory_complete
codex_src_000403,KINETIC_186_google_cloud_state_of_ai_infra_report.pdf,KINETIC_186_google_cloud_state_of_ai_infra_report.pdf,pdf,49561518,2025-10-03T16:12:31,b2317e6b05fbf6f34651928473ad9d8364d5967faad4afae36c7a000939afcd3,inventory_complete
codex_src_000437,KINETIC_220_McKinesy - seizing-the-agentic-ai-advantage.pdf,KINETIC_220_McKinesy - seizing-the-agentic-ai-advantage.pdf,pdf,2857694,2025-09-18T08:51:14,e043db491b2702713d789f592d3ed8ef94f6aef2e796be690e46dc04f87d0f04,inventory_complete
codex_src_000459,KINETIC_242_seizing-the-agentic-ai-advantage - McKinsey.pdf,KINETIC_242_seizing-the-agentic-ai-advantage - McKinsey.pdf,pdf,2857694,2025-08-15T10:22:19,e043db491b2702713d789f592d3ed8ef94f6aef2e796be690e46dc04f87d0f04,inventory_complete
codex_src_000439,KINETIC_222_McKinsey 2025 AI Survey - the-state-of-ai-how-organizations-are-rewiring-to-capture-value_final.pdf,KINETIC_222_McKinsey 2025 AI Survey - the-state-of-ai-how-organizations-are-rewiring-to-capture-value_final.pdf,pdf,5564174,2025-09-03T11:04:41,b2a4c5bc5283d8a00e4bf1419bf7d39254d90d6b1f7fa288c8929c9046aff714,inventory_complete
codex_src_000471,KINETIC_254_the-state-of-ai-how-organizations-are-rewiring-to-capture-value_final.pdf,KINETIC_254_the-state-of-ai-how-organizations-are-rewiring-to-capture-value_final.pdf,pdf,5564174,2025-09-03T11:07:38,b2a4c5bc5283d8a00e4bf1419bf7d39254d90d6b1f7fa288c8929c9046aff714,inventory_complete
codex_src_001230,the-state-of-ai-how-organizations-are-rewiring-to-capture-value_final.pdf,the-state-of-ai-how-organizations-are-rewiring-to-capture-value_final.pdf,pdf,5564174,2025-04-28T08:26:23,b2a4c5bc5283d8a00e4bf1419bf7d39254d90d6b1f7fa288c8929c9046aff714,inventory_complete
codex_src_000444,KINETIC_227_NICE_AI Readiness Guide.pdf,KINETIC_227_NICE_AI Readiness Guide.pdf,pdf,4016802,2025-04-28T08:15:35,d0e8348c2e446f9340a345a0d915df6917f8f8b35d378ed5a94877cfe56a5ec5,inventory_complete
codex_src_001105,NICE_AI Readiness Guide.pdf,notes\NICE_AI Readiness Guide.pdf,pdf,4016802,2024-11-13T09:02:55,d0e8348c2e446f9340a345a0d915df6917f8f8b35d378ed5a94877cfe56a5ec5,inventory_complete
codex_src_000449,KINETIC_232_PwC Global CEO Survey.pdf,KINETIC_232_PwC Global CEO Survey.pdf,pdf,10219287,2025-08-15T06:29:12,3067ad8823ba24f513cc367d7f4486a2604888f30543ac533895db0e02c826d8,inventory_complete
codex_src_000458,KINETIC_241_Reinvention - Practitioner - PWC CEO Survey.pdf,KINETIC_241_Reinvention - Practitioner - PWC CEO Survey.pdf,pdf,10219287,2025-12-06T11:08:06,3067ad8823ba24f513cc367d7f4486a2604888f30543ac533895db0e02c826d8,inventory_complete
codex_src_000464,KINETIC_247_The ultimate AI guide for marketers in 2025.pdf,KINETIC_247_The ultimate AI guide for marketers in 2025.pdf,pdf,65143907,2025-04-22T08:06:43,4b99a43632502056694c9f56223cc3c3964b9177a6486ac3836ba04226b8881d,inventory_complete
codex_src_001234,The_ultimate_AI_guide_for_marketers_in_2025.pdf,The_ultimate_AI_guide_for_marketers_in_2025.pdf,pdf,65143907,2025-04-21T08:29:34,4b99a43632502056694c9f56223cc3c3964b9177a6486ac3836ba04226b8881d,inventory_complete
codex_src_000526,Kinetic_319_AI - Academic -Stanford - HAI_ai_index_report_2025 400 pages.pdf,Kinetic_319_AI - Academic -Stanford - HAI_ai_index_report_2025 400 pages.pdf,pdf,30264659,2025-12-13T07:32:25,eef7a13bf536a20dc29a95943c3202942fa00ed5d1030c06eabce9c31e9da07a,inventory_complete
codex_src_001157,Stanfored - hai_ai_index_report_2025.pdf,Stanfored - hai_ai_index_report_2025.pdf,pdf,30264659,2026-06-11T15:36:22,eef7a13bf536a20dc29a95943c3202942fa00ed5d1030c06eabce9c31e9da07a,inventory_complete
codex_src_000580,foundational_sources.csv,Kinetic_Economy_book_Research_OS\_audit_outputs\chapter_evidence_packs\02_The_Kinetic_Organization\foundational_sources.csv,csv,1079,2026-06-11T21:14:46,49b1a5a2da6286fa645414a358300353e89f7dddb877b49014618ee5eb258b8e,inventory_complete
codex_src_000595,foundational_sources.csv,Kinetic_Economy_book_Research_OS\_audit_outputs\chapter_evidence_packs\05_AI_as_Operating_System\foundational_sources.csv,csv,1079,2026-06-11T21:14:50,49b1a5a2da6286fa645414a358300353e89f7dddb877b49014618ee5eb258b8e,inventory_complete
codex_src_000600,foundational_sources.csv,Kinetic_Economy_book_Research_OS\_audit_outputs\chapter_evidence_packs\06_Blockchain_as_System_of_Record\foundational_sources.csv,csv,182,2026-06-11T21:14:51,08def081d2b54ab2a890d09d40ba9b31616d5a678d47493032a247784f605eb3,inventory_complete
codex_src_000605,foundational_sources.csv,Kinetic_Economy_book_Research_OS\_audit_outputs\chapter_evidence_packs\07_Real_World_Asset_Tokenization\foundational_sources.csv,csv,182,2026-06-11T21:14:52,08def081d2b54ab2a890d09d40ba9b31616d5a678d47493032a247784f605eb3,inventory_complete
codex_src_000610,foundational_sources.csv,Kinetic_Economy_book_Research_OS\_audit_outputs\chapter_evidence_packs\08_Quantum_Preparedness\foundational_sources.csv,csv,182,2026-06-11T21:14:53,08def081d2b54ab2a890d09d40ba9b31616d5a678d47493032a247784f605eb3,inventory_complete
codex_src_000611,verification_queue.csv,Kinetic_Economy_book_Research_OS\_audit_outputs\chapter_evidence_packs\08_Quantum_Preparedness\verification_queue.csv,csv,182,2026-06-11T21:14:53,08def081d2b54ab2a890d09d40ba9b31616d5a678d47493032a247784f605eb3,inventory_complete
codex_src_000615,foundational_sources.csv,Kinetic_Economy_book_Research_OS\_audit_outputs\chapter_evidence_packs\09_Organizational_Orchestration\foundational_sources.csv,csv,182,2026-06-11T21:14:54,08def081d2b54ab2a890d09d40ba9b31616d5a678d47493032a247784f605eb3,inventory_complete
codex_src_000620,foundational_sources.csv,Kinetic_Economy_book_Research_OS\_audit_outputs\chapter_evidence_packs\10_Leadership_and_Operating_Model\foundational_sources.csv,csv,182,2026-06-11T21:14:55,08def081d2b54ab2a890d09d40ba9b31616d5a678d47493032a247784f605eb3,inventory_complete
codex_src_000625,foundational_sources.csv,Kinetic_Economy_book_Research_OS\_audit_outputs\chapter_evidence_packs\11_Transformation_Roadmaps\foundational_sources.csv,csv,182,2026-06-11T21:14:56,08def081d2b54ab2a890d09d40ba9b31616d5a678d47493032a247784f605eb3,inventory_complete
codex_src_000709,Kinetic - Blockchain use case support.docx,Kinetic_Economy_book_Research_OS\source_messy\Drafts\Kinetic - Blockchain use case support.docx,docx,36089,2025-12-30T12:58:33,c10e75a78546934374d994284015668784af1d882060f2095b7a0b5f0fcbd065,inventory_complete
codex_src_001088,Kinetic - Blockchain use case support.docx,notes\Kinetic - Blockchain use case support.docx,docx,36089,2025-12-30T12:58:33,c10e75a78546934374d994284015668784af1d882060f2095b7a0b5f0fcbd065,inventory_complete
codex_src_000713,Kinetic Economy - Draft Proposal - Copy.docx,Kinetic_Economy_book_Research_OS\source_messy\Drafts\Kinetic Economy - Draft Proposal - Copy.docx,docx,367286,2025-10-20T15:40:43,42ea7bfa5f50bde1ede5f67eed324efb174219106d614371562e4bd7cee0b6d0,inventory_complete
codex_src_000714,Kinetic Economy - Draft Proposal.docx,Kinetic_Economy_book_Research_OS\source_messy\Drafts\Kinetic Economy - Draft Proposal.docx,docx,367286,2025-10-20T15:40:43,42ea7bfa5f50bde1ede5f67eed324efb174219106d614371562e4bd7cee0b6d0,inventory_complete
codex_src_000715,Kinetic Economy - The Year of Composability.docx,Kinetic_Economy_book_Research_OS\source_messy\Drafts\Kinetic Economy - The Year of Composability.docx,docx,61309,2026-01-23T16:37:05,a91ad8d42406765189c1828f7270b5a694f90c5be241f9d808352a960ad686ec,inventory_complete
codex_src_001094,Kinetic Economy - The Year of Composability.docx,notes\Kinetic Economy - The Year of Composability.docx,docx,61309,2026-01-23T16:37:05,a91ad8d42406765189c1828f7270b5a694f90c5be241f9d808352a960ad686ec,inventory_complete
codex_src_000719,Kinetic_Economy_Research_Paper - Long Form - Copy (3).docx,Kinetic_Economy_book_Research_OS\source_messy\Drafts\Kinetic_Economy_Research_Paper - Long Form - Copy (3).docx,docx,35928,2025-11-19T09:48:44,b106034a3e9fe06a79f2d10f047ad35a819f6e25d75ad2a1210c5bc77af27acb,inventory_complete
codex_src_000720,Kinetic_Economy_Research_Paper - Long Form - Copy.docx,Kinetic_Economy_book_Research_OS\source_messy\Drafts\Kinetic_Economy_Research_Paper - Long Form - Copy.docx,docx,35928,2025-11-19T09:48:44,b106034a3e9fe06a79f2d10f047ad35a819f6e25d75ad2a1210c5bc77af27acb,inventory_complete
codex_src_000721,Kinetic_Economy_Research_Paper - Long Form.docx,Kinetic_Economy_book_Research_OS\source_messy\Drafts\Kinetic_Economy_Research_Paper - Long Form.docx,docx,35928,2025-11-19T09:48:44,b106034a3e9fe06a79f2d10f047ad35a819f6e25d75ad2a1210c5bc77af27acb,inventory_complete
codex_src_001011,Kinetic_Economy_Research_Paper - Long Form.docx,Kinetic_Economy_Research_Paper - Long Form.docx,docx,35928,2025-11-19T09:48:44,b106034a3e9fe06a79f2d10f047ad35a819f6e25d75ad2a1210c5bc77af27acb,inventory_complete
codex_src_000728,adaptability_total_hist.png,Kinetic_Economy_book_Research_OS\source_messy\Excel_Outputs\adaptability_total_hist.png,png,14349,2025-12-20T21:36:24,5ba6d256a8417761ee94d5e735399370788c285c4d4ce63e5bfc54ddd60aeda4,inventory_complete
codex_src_000750,adaptability_total_hist.png,Kinetic_Economy_book_Research_OS\source_messy\Excel_Outputs\plots\adaptability_total_hist.png,png,14349,2025-12-20T21:36:24,5ba6d256a8417761ee94d5e735399370788c285c4d4ce63e5bfc54ddd60aeda4,inventory_complete
codex_src_000729,barrier_total_hist.png,Kinetic_Economy_book_Research_OS\source_messy\Excel_Outputs\barrier_total_hist.png,png,14072,2025-12-20T21:36:24,4a1506648f7ac7c08f19615cade7f5b3da3f4d897e51d4850a207548320f7693,inventory_complete
codex_src_000751,barrier_total_hist.png,Kinetic_Economy_book_Research_OS\source_messy\Excel_Outputs\plots\barrier_total_hist.png,png,14072,2025-12-20T21:36:24,4a1506648f7ac7c08f19615cade7f5b3da3f4d897e51d4850a207548320f7693,inventory_complete
codex_src_000748,outcome_direction_counts.png,Kinetic_Economy_book_Research_OS\source_messy\Excel_Outputs\outcome_direction_counts.png,png,17090,2025-12-20T21:36:23,dff9695a547903fee4e7f8b66a5697c3f7663d61112dbbfa3763987935ffb1be,inventory_complete
codex_src_000752,outcome_direction_counts.png,Kinetic_Economy_book_Research_OS\source_messy\Excel_Outputs\plots\outcome_direction_counts.png,png,17090,2025-12-20T21:36:23,dff9695a547903fee4e7f8b66a5697c3f7663d61112dbbfa3763987935ffb1be,inventory_complete
codex_src_000749,pca_by_cluster.png,Kinetic_Economy_book_Research_OS\source_messy\Excel_Outputs\pca_by_cluster.png,png,45795,2025-12-20T21:36:24,37a54d018d254fabc37a6099670702941d8589f6c658546a6b7629a6068e0c48,inventory_complete
codex_src_000753,pca_by_cluster.png,Kinetic_Economy_book_Research_OS\source_messy\Excel_Outputs\plots\pca_by_cluster.png,png,45795,2025-12-20T21:36:24,37a54d018d254fabc37a6099670702941d8589f6c658546a6b7629a6068e0c48,inventory_complete
codex_src_000754,velocity_total_hist.png,Kinetic_Economy_book_Research_OS\source_messy\Excel_Outputs\plots\velocity_total_hist.png,png,13054,2025-12-20T21:36:24,3b1cfff5db48c9ee890c50f003e42fb0bf2f8823dea5966a19b65608f4eb833d,inventory_complete
codex_src_000764,velocity_total_hist.png,Kinetic_Economy_book_Research_OS\source_messy\Excel_Outputs\velocity_total_hist.png,png,13054,2025-12-20T21:36:24,3b1cfff5db48c9ee890c50f003e42fb0bf2f8823dea5966a19b65608f4eb833d,inventory_complete
codex_src_000767,002 - Kinetic - Global - Bangladesh.json,Kinetic_Economy_book_Research_OS\source_messy\JSON_Input_Output\002 - Kinetic - Global - Bangladesh.json,json,1823,2026-02-03T13:49:08,3b4572faf9f4abc3a03edc57256bf7f499149dbfcd3fe82386e921a2d663c91d,inventory_complete
codex_src_000768,003 - Kinetic - Global - Bangladesh.json,Kinetic_Economy_book_Research_OS\source_messy\JSON_Input_Output\003 - Kinetic - Global - Bangladesh.json,json,1823,2026-02-03T13:49:33,3b4572faf9f4abc3a03edc57256bf7f499149dbfcd3fe82386e921a2d663c91d,inventory_complete
codex_src_000777,012 - Kinetic - Global - Chile.json,Kinetic_Economy_book_Research_OS\source_messy\JSON_Input_Output\012 - Kinetic - Global - Chile.json,json,2805,2026-02-03T14:08:22,6963861eff130af2e428adaf73fcdfb506593944754765f122186678a5b7f62b,inventory_complete
codex_src_000778,013 - Kinetic - Global - Chile 2.json,Kinetic_Economy_book_Research_OS\source_messy\JSON_Input_Output\013 - Kinetic - Global - Chile 2.json,json,2805,2026-02-03T14:11:07,6963861eff130af2e428adaf73fcdfb506593944754765f122186678a5b7f62b,inventory_complete
codex_src_000849,086 - Kinetic - Global.json,Kinetic_Economy_book_Research_OS\source_messy\JSON_Input_Output\086 - Kinetic - Global.json,json,13667,2026-02-04T15:10:54,864aa81379cb59b78ccbc6a0d5323bac983b767f52f6100d3fe82b81024393b1,inventory_complete
codex_src_000850,087 - Kinetic - Global.json,Kinetic_Economy_book_Research_OS\source_messy\JSON_Input_Output\087 - Kinetic - Global.json,json,13667,2026-02-04T15:12:34,864aa81379cb59b78ccbc6a0d5323bac983b767f52f6100d3fe82b81024393b1,inventory_complete
codex_src_000852,089 - Kinetic - Global.json,Kinetic_Economy_book_Research_OS\source_messy\JSON_Input_Output\089 - Kinetic - Global.json,json,8481,2026-02-04T18:01:11,3760f57934cddb901d6ab2b5a05e831b98faef1f9a9ccbf5785ef29385050bcd,inventory_complete
codex_src_000853,090 - Kinetic- Global.json,Kinetic_Economy_book_Research_OS\source_messy\JSON_Input_Output\090 - Kinetic- Global.json,json,8481,2026-02-04T18:09:58,3760f57934cddb901d6ab2b5a05e831b98faef1f9a9ccbf5785ef29385050bcd,inventory_complete
codex_src_000854,091 - Kinetic - Global.json,Kinetic_Economy_book_Research_OS\source_messy\JSON_Input_Output\091 - Kinetic - Global.json,json,8481,2026-02-04T18:13:55,3760f57934cddb901d6ab2b5a05e831b98faef1f9a9ccbf5785ef29385050bcd,inventory_complete
codex_src_000857,094 - Kinetic - Global.json,Kinetic_Economy_book_Research_OS\source_messy\JSON_Input_Output\094 - Kinetic - Global.json,json,8481,2026-02-04T18:29:54,3760f57934cddb901d6ab2b5a05e831b98faef1f9a9ccbf5785ef29385050bcd,inventory_complete
codex_src_000863,100 - Kinetic - Global.json,Kinetic_Economy_book_Research_OS\source_messy\JSON_Input_Output\100 - Kinetic - Global.json,json,8481,2026-02-04T18:56:24,3760f57934cddb901d6ab2b5a05e831b98faef1f9a9ccbf5785ef29385050bcd,inventory_complete
codex_src_000858,095 - Kinetic - Global.json,Kinetic_Economy_book_Research_OS\source_messy\JSON_Input_Output\095 - Kinetic - Global.json,json,21971,2026-02-04T18:33:59,b936878ab8f9f12f17f70baf2559a39ee8f57e604113c872a9c80ea1a6baffd9,inventory_complete
codex_src_000859,096 - Kinetic - Global.json,Kinetic_Economy_book_Research_OS\source_messy\JSON_Input_Output\096 - Kinetic - Global.json,json,21971,2026-02-04T18:37:03,b936878ab8f9f12f17f70baf2559a39ee8f57e604113c872a9c80ea1a6baffd9,inventory_complete
codex_src_000883,batch_10_kinetic_analysis.json,Kinetic_Economy_book_Research_OS\source_messy\JSON_Input_Output\batch_10_kinetic_analysis.json,json,29926,2025-12-10T11:58:39,282d608d7cdcdfd0ad067750c8260e93658644e1d0436473c83bcd6aeb1d1893,inventory_complete
codex_src_000929,batch_9_kinetic_analysis.json,Kinetic_Economy_book_Research_OS\source_messy\JSON_Input_Output\batch_9_kinetic_analysis.json,json,29926,2025-12-10T11:51:31,282d608d7cdcdfd0ad067750c8260e93658644e1d0436473c83bcd6aeb1d1893,inventory_complete
codex_src_000915,batch_44_kinetic_analysis.json,Kinetic_Economy_book_Research_OS\source_messy\JSON_Input_Output\batch_44_kinetic_analysis.json,json,17462,2025-12-11T18:22:12,0b622e22fdfb268876d03bac7931e6e42f1b6b4d127f52b65d5a2178e0351b74,inventory_complete
codex_src_000916,batch_45_kinetic_analysis.json,Kinetic_Economy_book_Research_OS\source_messy\JSON_Input_Output\batch_45_kinetic_analysis.json,json,17462,2025-12-11T18:29:02,0b622e22fdfb268876d03bac7931e6e42f1b6b4d127f52b65d5a2178e0351b74,inventory_complete
codex_src_000930,phase 2_batch3_kinetic_analysis.txt,Kinetic_Economy_book_Research_OS\source_messy\JSON_Input_Output\phase 2_batch3_kinetic_analysis.txt,txt,6588,2025-12-17T09:21:26,9be6b71f2e57b33229f5e1c4c0780dcbc7875aa6555393e7ff62b7d7e7e53a6b,inventory_complete
codex_src_000933,phase 2_batch_3_kinetic_analysis,Kinetic_Economy_book_Research_OS\source_messy\JSON_Input_Output\phase 2_batch_3_kinetic_analysis,,6588,2025-12-14T19:45:12,9be6b71f2e57b33229f5e1c4c0780dcbc7875aa6555393e7ff62b7d7e7e53a6b,inventory_complete
codex_src_000959,phase_2_batch_31_kinetic_analysis.json,Kinetic_Economy_book_Research_OS\source_messy\JSON_Input_Output\phase_2_batch_31_kinetic_analysis.json,json,6274,2025-12-16T05:58:59,2edb7eda9cdec2cb673c7a01f7f6c5b004db789e6679ac731f2683f4231f0d89,inventory_complete
codex_src_000960,phase_2_batch_32_kinetic_analysis.json,Kinetic_Economy_book_Research_OS\source_messy\JSON_Input_Output\phase_2_batch_32_kinetic_analysis.json,json,6274,2025-12-16T06:00:11,2edb7eda9cdec2cb673c7a01f7f6c5b004db789e6679ac731f2683f4231f0d89,inventory_complete
codex_src_001017,Mapping the relationship between Dynamic Capabilities and Digital Transformation.pdf,Mapping the relationship between Dynamic Capabilities and Digital Transformation.pdf,pdf,6344164,2026-06-22T11:34:01,7ba9f4a0799b56174c05501182791974157d7db9991b609cd9a54d27b07cbf3c,inventory_complete
codex_src_001235,Thesis_LauraJane_ist188122.pdf,Thesis_LauraJane_ist188122.pdf,pdf,6344164,2026-06-22T11:31:00,7ba9f4a0799b56174c05501182791974157d7db9991b609cd9a54d27b07cbf3c,inventory_complete
codex_src_001048,Marketing Maturity - Modern-Marketing-Model.pdf,Marketing Maturity - Modern-Marketing-Model.pdf,pdf,4811859,2026-01-06T14:42:59,71b5dd83b9b31f6f79979270f16e69573d17eed2e6a71c819b3c94cb2c62ade6,inventory_complete
codex_src_001052,Marketing Maturity - The Modern-Marketing-Model.pdf,Marketing Maturity - The Modern-Marketing-Model.pdf,pdf,4811859,2026-01-06T14:36:30,71b5dd83b9b31f6f79979270f16e69573d17eed2e6a71c819b3c94cb2c62ade6,inventory_complete
codex_src_001142,Role of Strategic Flexibility Analysis in Organizational Adaptation to VUCA.pdf,Role of Strategic Flexibility Analysis in Organizational Adaptation to VUCA.pdf,pdf,528875,2026-06-15T10:50:11,074ad4013aef2b3c0be6fe4858853483f684aeeb62ac46a4938649de96cba453,inventory_complete
codex_src_001151,ssrn-5215616.pdf,ssrn-5215616.pdf,pdf,528875,2026-06-15T10:49:45,074ad4013aef2b3c0be6fe4858853483f684aeeb62ac46a4938649de96cba453,inventory_complete
codex_src_001165,sustainability-18-01157 (1).pdf,sustainability-18-01157 (1).pdf,pdf,925467,2026-06-22T11:38:33,44db9454be5269ddecfb4859645a83af81a3e510bc44be5cf33344591099ebcd,inventory_complete
codex_src_001167,sustainability-18-01157.pdf,sustainability-18-01157.pdf,pdf,925467,2026-06-22T11:36:12,44db9454be5269ddecfb4859645a83af81a3e510bc44be5cf33344591099ebcd,inventory_complete
codex_src_001192,086 - Kinetic - Global.json,tagged_outputs\global_policy\086 - Kinetic - Global.json,json,15628,2026-02-06T13:50:42,4c52e9e333ed61ad1bf30a41081fa791d3a1406ff74b3926587407fccaf6b374,inventory_complete
codex_src_001193,087 - Kinetic - Global.json,tagged_outputs\global_policy\087 - Kinetic - Global.json,json,15628,2026-02-06T13:50:42,4c52e9e333ed61ad1bf30a41081fa791d3a1406ff74b3926587407fccaf6b374,inventory_complete
codex_src_001195,089 - Kinetic - Global.json,tagged_outputs\global_policy\089 - Kinetic - Global.json,json,10131,2026-02-06T13:50:42,7810d31525c19a3de16c0896354d5df3b58bbbacd3fd35f3dd36b26615b32195,inventory_complete
codex_src_001196,090 - Kinetic- Global.json,tagged_outputs\global_policy\090 - Kinetic- Global.json,json,10131,2026-02-06T13:50:42,7810d31525c19a3de16c0896354d5df3b58bbbacd3fd35f3dd36b26615b32195,inventory_complete
codex_src_001197,091 - Kinetic - Global.json,tagged_outputs\global_policy\091 - Kinetic - Global.json,json,10131,2026-02-06T13:50:42,7810d31525c19a3de16c0896354d5df3b58bbbacd3fd35f3dd36b26615b32195,inventory_complete
codex_src_001200,094 - Kinetic - Global.json,tagged_outputs\global_policy\094 - Kinetic - Global.json,json,10131,2026-02-06T13:50:42,7810d31525c19a3de16c0896354d5df3b58bbbacd3fd35f3dd36b26615b32195,inventory_complete
codex_src_001206,100 - Kinetic - Global.json,tagged_outputs\global_policy\100 - Kinetic - Global.json,json,10131,2026-02-06T13:50:42,7810d31525c19a3de16c0896354d5df3b58bbbacd3fd35f3dd36b26615b32195,inventory_complete
codex_src_001201,095 - Kinetic - Global.json,tagged_outputs\global_policy\095 - Kinetic - Global.json,json,22516,2026-02-06T13:50:42,6e5d4ba02ab5b790aa1a5b56127ff4af82d2841e71d58a78290cf50a981fb402,inventory_complete
codex_src_001202,096 - Kinetic - Global.json,tagged_outputs\global_policy\096 - Kinetic - Global.json,json,22516,2026-02-06T13:50:42,6e5d4ba02ab5b790aa1a5b56127ff4af82d2841e71d58a78290cf50a981fb402,inventory_complete
codex_src_001248,vergne-2020-decentralized-vs-distributed-organization-blockchain-machine-learning-and-the-future-of-the-digital-platform.pdf,vergne-2020-decentralized-vs-distributed-organization-blockchain-machine-learning-and-the-future-of-the-digital-platform.pdf,pdf,777643,2026-06-15T08:09:51,786b1e1ab7baa787387f18fb83e2c27fcb315aff60a5e5cfbc12f46df3cec59d,inventory_complete
codex_src_001249,vergne-2020-decentralized-vs-distributed-organization-blockchain-machine-learning-and-the-future-of-the-digital.pdf,vergne-2020-decentralized-vs-distributed-organization-blockchain-machine-learning-and-the-future-of-the-digital.pdf,pdf,777643,2026-06-15T08:10:11,786b1e1ab7baa787387f18fb83e2c27fcb315aff60a5e5cfbc12f46df3cec59d,inventory_complete
